"","date","mean_ind","mean_health","mean_info","mean_comm","mean_con","mean_ut","mean_fin","mean_mat","mean_rlest","mean_constpl","mean_nrg"
"1",2020-01-02,139.908521126761,182.702625806452,135.877968,188.532692307692,260.044242622951,81.2764285714286,115.205538461538,113.7325,125.235666666667,96.0132258064516,58.4217391304348
"2",2020-01-03,140.31863943662,181.098772580645,135.26174,188.709611538462,259.591719672131,80.4782142857143,114.733461538462,111.278214285714,124.513333333333,95.6461290322581,59.0969565217391
"3",2020-01-06,140.337691549296,181.693346774194,134.807758666667,191.038130769231,259.000803278689,80.5296428571429,114.409230769231,110.334321428571,124.853833333333,95.6409677419355,58.8130434782609
"4",2020-01-07,140.576478873239,182.489112903226,136.082853333333,191.946515384615,259.506106557377,80.3278571428571,114.675615384615,110.245,124.027666666667,95.4991935483871,58.909447826087
"5",2020-01-08,141.387183098592,183.935653225806,136.881466666667,193.466153846154,261.119031147541,80.4475,115.181307692308,110.229285714286,123.812833333333,95.791935483871,58.9613043478261
"6",2020-01-09,141.974366197183,185.23845483871,137.917497333333,194.811830769231,261.135006557377,80.6342857142857,115.784692307692,110.778571428571,124.053333333333,96.1048387096774,58.1439130434783
"7",2020-01-10,142.067464788732,186.334274193548,137.976056,194.945384615385,260.135008196721,81.0610714285714,115.583230769231,110.812857142857,124.965833333333,96.2256129032258,58.2769565217391
"8",2020-01-13,142.171197183099,185.295253225806,138.504053333333,195.689423076923,260.798770491803,81.5821428571429,115.587,111.249107142857,126.28,96.5779032258065,57.9482608695652
"9",2020-01-14,142.799084507042,185.946098387097,138.958672,196.15,261.492273770492,81.6582142857143,116.038538461538,111.648928571429,126.146166666667,96.7290322580645,57.8908695652174
"10",2020-01-15,143.184929577465,187.272016129032,138.880001333333,196.246538461538,262.931426229508,82.8914285714286,115.812153846154,111.887142857143,126.660166666667,97.2866129032258,57.6432608695652
"11",2020-01-16,144.146267605634,187.5225,139.820105333333,197.266923076923,263.341983606557,83.4085714285714,116.492230769231,112.374464285714,127.382333333333,97.4587096774193,57.9108695652174
"12",2020-01-17,144.971690140845,187.82440483871,140.811014666667,199.835576923077,263.722924590164,83.9982142857143,117.358461538462,112.991428571429,128.071,97.8906451612903,57.5308695652174
"13",2020-01-21,144.326412676056,188.335096774194,141.448396,200.325961538462,263.458706557377,84.7875,116.926615384615,112.791428571429,128.821666666667,98.1858064516129,56.8045565217391
"14",2020-01-22,144.129153521127,188.939858064516,142.704912,201.421923076923,264.863214754098,85.3442857142857,117.030076923077,112.459285714286,129.4015,98.5643225806452,55.9717391304348
"15",2020-01-23,143.796408450704,187.591612903226,142.874461333333,200.978269230769,265.430901639344,85.8042857142857,116.673738461538,111.831785714286,129.330166666667,98.4258935483871,55.2308695652174
"16",2020-01-24,144.240602816901,186.932941935484,143.915,200.782692307692,265.462049180328,86.3457142857143,116.898384615385,112.210535714286,129.541666666667,98.276935483871,54.7747826086957
"17",2020-01-27,141.654667605634,182.547841935484,139.554564,194.605576923077,258.829655737705,86.5160714285714,114.350153846154,110.0375,128.728666666667,97.2970967741935,53.2323913043478
"18",2020-01-28,142.463450704225,183.733743548387,140.941466666667,196.595384615385,261.572785245902,86.4196428571429,115.474769230769,110.463571428571,129.118666666667,97.1748387096774,53.3382608695652
"19",2020-01-29,143.241876056338,184.376193548387,141.408486666667,196.982307692308,261.599752459016,86.3621428571429,116.289615384615,111.4025,129.104,96.9296774193548,53.5578260869565
"20",2020-01-30,142.45985915493,182.107980645161,140.989444,195.210384615385,259.89811147541,87.0077321428571,116.439575384615,109.749714285714,128.912,97.0522580645161,52.635652173913
"21",2020-01-31,141.336330985915,180.50435483871,139.993957333333,197.158523076923,261.172047540984,87.2003571428571,116.358846153846,108.625892857143,128.561333333333,97.5254838709677,51.8997826086957
"22",2020-02-03,140.78915915493,179.69905483871,139.536986666667,199.473334615385,261.609326229508,87.1892857142857,116.390692307692,109.992142857143,128.509,96.8216129032258,51.2219565217391
"23",2020-02-04,142.782877464789,182.410317741935,142.811637333333,198.661346153846,266.522096721311,87.1646428571429,117.885230769231,112.251785714286,129.600833333333,97.3225806451613,51.6730434782609
"24",2020-02-05,143.895278873239,186.849677419355,144.625586666667,198.983842307692,266.738606557377,86.7055321428571,118.91618,113.620767857143,129.370333333333,97.6446774193548,52.8286956521739
"25",2020-02-06,144.312829577465,186.790977419355,143.735081333333,200.573073076923,266.515901639344,86.9,119.079692307692,114.172857142857,129.7785,98.3462903225806,52.7526086956522
"26",2020-02-07,143.686901408451,185.693506451613,142.493590666667,200.141565384615,265.596313114754,86.8746428571429,118.304923076923,112.879285714286,129.689,98.1503225806452,51.9265217391304
"27",2020-02-10,143.587746478873,184.810443548387,142.448333333333,202.007884615385,266.361165573771,86.6507142857143,118.178153846154,112.129821428571,130.781833333333,98.7229032258064,51.4204347826087
"28",2020-02-11,144.999852112676,186.506087096774,144.48,204.406884615385,268.179480327869,87.1792857142857,119.567153846154,113.045357142857,133.200666666667,98.818064516129,52.0234782608696
"29",2020-02-12,145.644436619718,188.1725,145.085226666667,204.267307692308,270.183032786885,87.0392857142857,119.921230769231,113.0375,133.443833333333,98.8838709677419,52.9282608695652
"30",2020-02-13,145.642605633803,188.08950483871,145.731373333333,204.970226923077,271.228163934426,87.7014285714286,119.507692307692,112.992857142857,134.204166666667,99.048064516129,52.6245652173913
"31",2020-02-14,145.190176056338,189.089193548387,146.215612,204.506538461538,272.227786885246,88.3739285714286,119.931,112.683928571429,135.786833333333,99.4061290322581,52.5208695652174
"32",2020-02-18,144.522464788732,189.308870967742,145.377076,205.844230769231,273.264313114754,89.2032142857143,119.894967692308,112.199464285714,135.888333333333,99.3067741935484,51.8130434782609
"33",2020-02-19,144.759214084507,190.451417741935,147.256266666667,206.746730769231,274.865913114754,88.7771428571429,120.353076923077,112.459285714286,135.408666666667,99.2797741935484,52.6513043478261
"34",2020-02-20,144.63661971831,189.880506451613,146.932736,205.9275,276.149732786885,88.4689285714286,120.222230769231,112.847142857143,134.919483333333,98.8305806451613,53.4089130434783
"35",2020-02-21,143.670702816901,188.429085483871,144.501546666667,203.811461538462,274.771583606557,88.6753571428571,118.869461538462,111.765,136.401666666667,98.8903225806452,52.3217391304348
"36",2020-02-24,140.214084507042,184.105279032258,138.984077333333,195.882173076923,265.955978688525,88.1667857142857,115.798307692308,108.992142857143,135.552666666667,97.9858064516129,50.3213043478261
"37",2020-02-25,139.197232394366,182.822198387097,138.683446666667,195.633076923077,264.775839344262,87.1103571428571,114.755076923077,108.215178571429,134.779333333333,97.1293548387097,49.7713043478261
"38",2020-02-26,135.785,179.77564516129,135.9296,192.710769230769,258.509727868852,85.7678571428571,112.788615384615,105.510285714286,132.2255,96.0253225806452,47.7008695652174
"39",2020-02-27,132.426418309859,176.640483870968,131.723596,187.8674,252.743770491803,84.4442857142857,110.028092307692,102.888928571429,129.393666666667,94.2348387096774,45.2902173913043
"40",2020-02-28,126.87894084507,169.365320967742,128.145289333333,183.494423076923,243.066937704918,78.9732142857143,104.126615384615,97.9842857142857,121.365166666667,89.5751612903226,43.5695652173913
"41",2020-03-02,129.405773239437,176.053387096774,132.761866666667,188.084230769231,247.91716557377,82.0939285714286,108.143384615385,101.471428571429,125.697833333333,93.1635483870968,44.6165217391304
"42",2020-03-03,132.443076056338,180.104256451613,134.611921333333,190.947307692308,254.573024590164,83.8046428571429,109.770461538462,103.975857142857,128.745666666667,94.9433870967742,45.3928260869565
"43",2020-03-04,131.839507042254,181.922014516129,133.610348,189.063076923077,253.501475409836,85.7625,108.966192307692,105.457142857143,130.774666666667,96.1087096774194,44.4330434782609
"44",2020-03-05,129.592464788732,180.226424193548,132.578533333333,186.288076923077,249.012026229508,85.3989285714286,106.546923076923,103.778857142857,129.845,96.026935483871,43.2621739130435
"45",2020-03-06,125.227749295775,175.625080645161,127.764598666667,179.391153846154,243.707740983607,84.0828571428571,102.174923076923,100.918071428571,126.441666666667,94.4245161290323,41.4052173913043
"46",2020-03-09,118.174221126761,169.272579032258,121.873773333333,172.258707692308,235.804914754098,81.8067857142857,95.8407692307692,96.2438214285714,121.859666666667,92.2061290322581,32.7447826086957
"47",2020-03-10,119.807674647887,172.213629032258,123.673302666667,174.834038461538,239.074918032787,81.6228571428571,96.4883076923077,95.9935714285714,124.078833333333,92.5353225806452,32.5139434782609
"48",2020-03-11,117.454929577465,169.208546774194,121.279826666667,172.638857692308,233.989016393443,78.5367857142857,94.1623076923077,93.4625,121.555,90.4932258064516,30.5713043478261
"49",2020-03-12,108.655166197183,159.354217741935,114.130326666667,162.782692307692,212.218985245902,73.635,87.7309230769231,87.9346428571429,116.285666666667,84.9316129032258,27.195652173913
"50",2020-03-13,109.839436619718,161.50924516129,116.940733333333,165.988846153846,209.35837704918,72.9571428571429,90.498,89.0696428571429,117.833,85.9032258064516,28.0278260869565
"51",2020-03-16,103.362323943662,153.628846774194,110.523406666667,157.177307692308,193.092378688525,70.5992857142857,84.4590153846154,82.5878571428571,109.966,84.1961290322581,27.0860869565217
"52",2020-03-17,102.871549295775,155.913403225806,111.353696,154.681553846154,186.571163934426,73.5925,85.0101538461538,82.7967857142857,108.435666666667,88.0637096774194,24.9734782608696
"53",2020-03-18,97.5795774647887,151.268603225806,107.19606,151.040361538462,179.677070491803,71.5939285714286,80.5266153846154,79.9457142857143,105.106,88.5161290322581,22.6382608695652
"54",2020-03-19,97.3029577464789,152.600708064516,108.393946666667,157.367284615385,188.281229508197,69.9575,80.5521538461538,81.9125,101.307666666667,86.4377419354839,22.88
"55",2020-03-20,96.8688732394366,150.948467741935,108.500193333333,155.3863,190.214375409836,66.3521428571429,80.3563076923077,80.6675,99.2546666666667,83.8877419354839,24.1352173913043
"56",2020-03-23,90.0043661971831,141.156753225806,101.891665333333,148.818461538462,175.384739344262,59.8789285714286,75.5464615384615,75.8656785714286,90.114,79.2938709677419,22.7839130434783
"57",2020-03-24,96.694014084507,146.106225806452,110.143573333333,157.107038461538,191.319916393443,63.1542857142857,80.2212307692308,80.4278571428571,93.6709966666667,80.6840322580645,24.6926086956522
"58",2020-03-25,103.807904225352,153.444540322581,114.340861333333,159.215373076923,205.078949180328,67.2628571428571,85.4088461538462,84.9242857142857,101.761,81.7856451612903,26.7178260869565
"59",2020-03-26,106.661126760563,158.118869354839,117.5628,162.39815,206.168891803279,70.7664285714286,88.1913892307692,86.3564285714286,104.105333333333,83.8845161290323,27.68
"60",2020-03-27,104.778661971831,156.540806451613,115.189413333333,160.067888461538,200.633363934426,72.605,87.5113846153846,84.7807857142857,106.226666666667,84.3532258064516,26.3952173913043
"61",2020-03-30,104.485774647887,160.45725,115.836692,160.773846153846,199.284339344262,73.4885714285714,87.796,85.9489285714286,108.318666666667,85.7,25.6121739130435
"62",2020-03-31,104.397887323944,162.221716129032,116.542065333333,163.124169230769,197.540613114754,72.5189285714286,87.3257692307692,86.6739285714286,106.337333333333,85.5835483870968,26.8710869565217
"63",2020-04-01,99.2495070422535,156.307935483871,110.605308,157.744430769231,188.93092295082,68.0785714285714,82.0183076923077,82.6223214285714,100.392,83.516935483871,25.1210869565217
"64",2020-04-02,100.126197183099,157.050762903226,109.623065333333,157.055803846154,186.016245901639,68.3003571428571,82.9346923076923,82.9016214285714,100.974333333333,84.2553225806452,28.4030434782609
"65",2020-04-03,98.9628098591549,156.723819354839,109.156084,156.366115384615,183.080563934426,67.6528571428571,82.8569230769231,81.5389285714286,100.289666666667,84.9146774193548,27.6473913043478
"66",2020-04-06,104.21573943662,164.355322580645,116.743333333333,164.702269230769,199.002019672131,71.1182142857143,87.8201538461538,84.5600714285714,105.749,87.8643548387097,28.1613043478261
"67",2020-04-07,109.499084507042,170.114838709677,121.280266666667,168.989807692308,210.545842622951,72.6078571428571,92.0416923076923,89.3417857142857,110.654333333333,89.7803225806452,30.4352173913043
"68",2020-04-08,108.754647887324,170.100725806452,120.256973333333,167.757884615385,210.341472131148,73.6785714285714,91.1936923076923,91.0028571428571,112.1985,88.8867741935484,30.6369565217391
"69",2020-04-09,112.133169014085,172.279398387097,122.959086666667,169.241346153846,218.88368852459,78.1289285714286,96.1810153846154,96.1771428571429,118.824833333333,90.4314516129032,32.5691304347826
"70",2020-04-13,108.881491549296,170.219961290323,120.485796,169.221538461538,213.821698360656,76.1367857142857,94.4907692307692,93.7282142857143,116.219333333333,89.3475806451613,31.2573913043478
"71",2020-04-14,109.989521126761,174.189501612903,124.668389333333,176.596346153846,221.354914754098,76.8228571428571,94.8659230769231,94.3630357142857,117.12068,92.0085483870968,30.4434782608696
"72",2020-04-15,106.807215492958,173.065425806452,122.207528,176.605253846154,217.886136065574,75.3667857142857,91.3463076923077,90.7810714285714,114.157666666667,91.1742580645161,28.7
"73",2020-04-16,106.031971830986,176.127053225806,123.468718666667,177.434838461538,220.586078688525,75.1453571428571,90.8258461538462,89.9762142857143,113.304,91.9640709677419,28.0795652173913
"74",2020-04-17,110.357605633803,181.260127419355,125.944010666667,178.788653846154,226.079962295082,76.7432142857143,94.2934615384615,92.83875,115.481666666667,93.0964516129032,29.834347826087
"75",2020-04-20,108.918405633803,181.35080483871,125.373881333333,177.836730769231,225.690396721311,76.1417857142857,93.3802307692308,91.9258928571429,113.450666666667,92.9416129032258,30.020347826087
"76",2020-04-21,105.582833802817,176.891253225806,121.792324,174.667653846154,220.225181967213,73.0407142857143,91.1033076923077,88.522875,109.881666666667,90.8277419354839,29.2160869565217
"77",2020-04-22,106.516477464789,177.079243548387,123.2826,177.168846153846,222.957454098361,74.7325,91.7063076923077,89.8214285714286,112.165656666667,90.6860967741935,30.4226086956522
"78",2020-04-23,107.944712676056,179.483964516129,124.388745333333,178.599146153846,223.574355737705,74.7135714285714,91.4738461538462,91.1510714285714,111.894333333333,90.4535483870968,31.7152173913043
"79",2020-04-24,107.28161971831,179.590483870968,124.62728,177.248846153846,224.228280327869,73.7310714285714,91.3361538461538,91.0142857142857,110.618166666667,90.2793548387097,31.7852173913043
"80",2020-04-27,109.954507042254,182.953524193548,127.547024,180.065,231.812459016393,74.7960714285714,94.3560769230769,93.61875,113.246166666667,91.1138387096774,31.9221739130435
"81",2020-04-28,114.046923943662,183.432174193548,129.935156,179.303076923077,236.825183606557,75.9782142857143,97.3156153846154,96.4355357142857,116.532166666667,91.9037096774194,33.0417391304348
"82",2020-04-29,116.327042253521,183.179838709677,132.164417333333,185.194807692308,241.58407704918,75.8764285714286,98.3778461538461,99.26875,116.158,91.8051612903226,35.6678260869565
"83",2020-04-30,113.603730985915,182.736919354839,131.6018,184.942692307692,238.71327704918,73.3832142857143,96.3563076923077,96.6239285714286,112.905,91.1624741935484,36.0539130434783
"84",2020-05-01,110.973098591549,178.514996774194,127.397998666667,184.282646153846,229.526475409836,71.1489285714286,93.3078461538462,94.0332142857143,110.862,90.4925806451613,34.2086956521739
"85",2020-05-04,108.74176056338,176.777382258065,125.905613333333,182.279615384615,228.299362295082,71.0175,91.8175384615385,93.3985714285714,109.657,89.6293387096774,33.9191304347826
"86",2020-05-05,111.065985915493,182.323262903226,130.283197333333,186.418996153846,232.554729508197,72.2953571428571,94.6192307692308,95.2925,111.886,90.5972580645161,35.7563043478261
"87",2020-05-06,110.006042253521,182.691130645161,131.401165333333,186.511538461538,231.784621311475,71.6096428571429,93.7186153846154,94.38875,111.298333333333,90.2272580645161,34.2934782608696
"88",2020-05-07,110.523873239437,184.001832258065,133.637188,187.591923076923,233.369557377049,70.7042857142857,94.7312307692308,94.4664285714286,110.631666666667,90.1032258064516,34.8115217391304
"89",2020-05-08,112.132450704225,184.825161290323,135.115244,190.045769230769,235.553770491803,70.6414285714286,95.3253846153846,96.3175,112.102333333333,90.8248387096774,35.5534782608696
"90",2020-05-11,111.704084507042,186.440016129032,135.28928,191.477584615385,235.542834426229,70.2710714285714,95.3210769230769,95.355,111.274666666667,91.2856451612903,35.4517391304348
"91",2020-05-12,111.464309859155,187.422546774194,135.432689333333,191.256923076923,235.217872131148,70.4360714285714,95.0479030769231,95.7110714285714,109.773166666667,91.5420967741936,35.2630434782609
"92",2020-05-13,107.363098591549,183.682033870968,131.988333333333,187.553653846154,229.557159016393,69.1864285714286,92.4144615384615,93.1361785714286,106.382666666667,90.5458064516129,33.7604347826087
"93",2020-05-14,106.475070422535,181.269435483871,129.831865333333,185.238461538462,225.707040983607,69.25,91.9960769230769,91.7567857142857,104.540666666667,89.6624193548387,33.1834782608696
"94",2020-05-15,107.466616901408,183.700161290323,130.879466666667,187.418846153846,229.130950819672,69.02,92.7742307692308,93.2632142857143,103.739333333333,90.2440322580645,33.4260869565217
"95",2020-05-18,113.592392957746,189.571637096774,136.11432,191.536519230769,242.991383606557,71.7842857142857,96.6171538461538,97.9482142857143,109.134666666667,91.7893548387097,36.0308695652174
"96",2020-05-19,113.873521126761,187.454112903226,137.248785333333,191.888846153846,244.823467213115,71.3582142857143,96.0390461538462,97.0978571428571,108.162,91.3382258064516,35.9134782608696
"97",2020-05-20,114.379014084507,188.357209677419,138.551890666667,194.501153846154,246.651721311475,71.3575,96.2253846153846,98.1494642857143,107.106666666667,90.8464516129032,36.3730434782609
"98",2020-05-21,114.436746478873,186.739193548387,137.804306666667,194.326538461538,246.422759016393,70.7714285714286,96.0545384615385,97.6733928571429,106.938333333333,90.46,36.4191304347826
"99",2020-05-22,113.785098591549,186.853569354839,136.44132,193.228088461538,245.579442622951,70.4889285714286,95.6851538461539,97.13,108.060666666667,89.9548387096774,35.505652173913
"100",2020-05-26,118.881484507042,190.447016129032,139.743004,196.155911538462,254.39237704918,72.3010714285714,100.002107692308,100.58375,112.267,91.4724193548387,37.0913043478261
"101",2020-05-27,122.289788732394,188.650958064516,138.408266666667,194.399230769231,254.977455737705,72.4082142857143,101.997230769231,102.376428571429,113.836666666667,92.08,37.3317391304348
"102",2020-05-28,123.412253521127,193.213387096774,140.576918666667,196.624034615385,255.528832786885,74.0342857142857,102.676615384615,103.547857142857,115.275,93.4629032258065,37.1952173913043
"103",2020-05-29,121.559154929577,194.00814516129,140.370333333333,195.48325,251.296373770492,74.8089285714286,100.938076923077,102.297678571429,114.634333333333,93.2967741935484,35.9732608695652
"104",2020-06-01,121.90485915493,191.973185483871,141.376057333333,196.869030769231,255.037585245902,75.5592857142857,101.924153846154,102.627142857143,116.662333333333,94.1483870967742,36.3482608695652
"105",2020-06-02,122.60985915493,192.512287096774,142.1792,197.081423076923,255.344434426229,75.8771428571429,102.777692307692,104.483035714286,117.6955,94.0583870967742,37.4273913043478
"106",2020-06-03,126.650642253521,193.920161290323,144.610878666667,198.231730769231,261.779262295082,77.1192857142857,105.133383076923,107.099725,119.521333333333,94.6009677419355,38.6178260869565
"107",2020-06-04,127.746392957746,191.982829032258,144.242038666667,197.519038461538,262.565859016393,76.37,105.894615384615,106.851071428571,118.421666666667,94.2338709677419,38.7904347826087
"108",2020-06-05,133.783661971831,194.990430645161,147.835357333333,198.521507692308,266.897293442623,77.5521428571429,110.731,110.459107142857,121.906333333333,94.8761290322581,42.1069565217391
"109",2020-06-08,133.987887323944,194.763462903226,147.74072,199.314807692308,270.913360655738,78.2528571428571,110.17,109.726785714286,122.934666666667,95.2093548387097,43.9778260869565
"110",2020-06-09,131.23828028169,194.555975806452,147.431413333333,201.368653846154,268.014959016393,77.3089285714286,109.018076923077,108.359107142857,122.459166666667,94.9025806451613,42.4160869565217
"111",2020-06-10,129.567535211268,193.163193548387,148.302658666667,201.607307692308,269.149349180328,77.0364285714286,108.228923076923,107.423928571429,121.762,94.9754838709677,41.2795652173913
"112",2020-06-11,123.558732394366,188.163548387097,144.229872,198.572884615385,259.647936065574,74.8214285714286,102.886538461538,103.420535714286,117.016,93.5261290322581,37.8573913043478
"113",2020-06-12,123.305507042254,185.411879032258,142.686748,196.440965384615,256.982070491803,74.3917857142857,101.577846153846,101.589464285714,116.371,91.9287096774193,37.6482608695652
"114",2020-06-15,121.782498591549,184.148741935484,141.4632,195.463269230769,255.937131147541,73.7992857142857,102.299076923077,101.161428571429,117.090666666667,91.5235451612903,36.9969565217391
"115",2020-06-16,126.532643661972,189.150353225806,146.25632,199.6175,264.287868852459,75.5767857142857,105.436923076923,105.529285714286,120.878666666667,93.6451612903226,38.6839130434783
"116",2020-06-17,124.487507042254,188.882016129032,145.706308,200.051211538462,264.111636065574,74.1875,104.428769230769,104.220214285714,119.748,93.8498387096774,37.7
"117",2020-06-18,123.47464084507,187.825101612903,144.991382666667,199.473615384615,262.382554098361,73.7039285714286,103.654538461538,103.360714285714,117.009166666667,93.8274193548387,37.2391304347826
"118",2020-06-19,124.5058,191.281290322581,146.89248,199.897115384615,263.531803278689,74.4317857142857,104.811692307692,104.6625,118.495666666667,94.9596774193548,38.1534782608696
"119",2020-06-22,121.804788732394,189.178929032258,145.432289333333,199.708557692308,260.02368852459,72.5553571428571,103.024615384615,102.862857142857,115.752666666667,93.4732258064516,36.664347826087
"120",2020-06-23,122.931549295775,191.045874193548,147.231745333333,202.375203846154,263.293408196721,72.9346428571429,104.002615384615,103.530357142857,115.797666666667,93.9944193548387,37.284347826087
"121",2020-06-24,120.203309859155,188.546177419355,145.182496,201.018230769231,259.716760655738,71.265,101.386461538462,101.320714285714,113.370666666667,92.4708483870968,35.975652173913
"122",2020-06-25,118.312628169014,184.834435483871,143.186390666667,197.296153846154,255.687321311475,70.595,101.413,100.375,112.702833333333,92.0251612903226,35.2721739130435
"123",2020-06-26,118.510657746479,185.550508064516,143.71754,196.340576923077,255.62003442623,70.7175,100.363230769231,100.404285714286,113.2205,92.2937709677419,34.8726086956522
"124",2020-06-29,119.90406056338,185.051048387097,142.474585333333,192.306538461538,255.368667213115,70.6942857142857,99.2775292307692,101.1525,112.67298,92.0255225806452,34.5648391304348
"125",2020-06-30,121.412605633803,188.865161290323,145.405466666667,194.858461538462,259.879475409836,71.5503571428571,100.639538461538,102.22875,114.473,92.7761290322581,35.3639130434783
"126",2020-07-01,122.653521126761,190.546290322581,146.501,199.763076923077,265.132950819672,72.97,101.361846153846,102.745,117.685666666667,93.4929032258065,35.8365217391304
"127",2020-07-02,122.941971830986,192.815322580645,148.0674,203.325769230769,269.319508196721,73.7546428571429,102.100230769231,104.703214285714,119.000333333333,94.2616129032258,35.4530434782609
"128",2020-07-06,123.358309859155,194.813548387097,149.859466666667,205.292423076923,275.667393442623,73.8942857142857,102.915384615385,105.922142857143,119.003666666667,94.3829032258064,35.5260869565217
"129",2020-07-07,122.251408450704,194.241129032258,149.366533333333,206.758076923077,275.108032786885,72.3514285714286,101.848923076923,105.590714285714,116.404666666667,94.6398387096774,34.3552173913044
"130",2020-07-08,121.117183098592,193.532903225806,148.6136,205.766153846154,274.037540983607,72.7782142857143,102.186769230769,105.901785714286,115.650666666667,94.4858064516129,33.864347826087
"131",2020-07-09,120.267605633803,193.604516129032,150.172933333333,207.379230769231,275.576393442623,72.2575,102.296615384615,103.826964285714,114.998333333333,94.6337096774194,33.3291304347826
"132",2020-07-10,119.380985915493,192.064516129032,149.394866666667,211.109038461538,277.344836065574,73.25,102.577230769231,104.321607142857,115.467,95.0622580645161,32.5330434782609
"133",2020-07-13,121.797464788732,194.640806451613,150.669333333333,215.183269230769,287.52,73.8778571428571,104.132615384615,106.422142857143,115.025,96.0458064516129,32.98
"134",2020-07-14,122.286478873239,194.675,146.655666666667,208.2775,277.725737704918,74.2764285714286,103.437153846154,106.638928571429,114.469,96.2027419354839,33.3830434782609
"135",2020-07-15,125.815211267606,199.831451612903,149.148866666667,210.631538461538,282.880327868852,75.0003571428571,105.664615384615,109.465,115.569,97.1896774193548,34.5378260869565
"136",2020-07-16,126.455070422535,199.264516129032,147.3796,209.426538461538,281.326049180328,74.6746428571429,106.120153846154,110.07875,114.161333333333,96.9441935483871,34.5482608695652
"137",2020-07-17,127.040845070423,202.674516129032,148.75,209.256538461538,282.395901639344,76.2225,106.071138461538,111.075,114.997,97.2961290322581,34.6565217391304
"138",2020-07-20,126.471408450704,204.424838709677,152.0774,213.096923076923,286.489508196721,76.0728571428571,105.593461538462,110.633035714286,115.059666666667,96.6746774193548,34.0926086956522
"139",2020-07-21,127.776478873239,204.955161290323,153.096,214.767307692308,289.522918032787,76.2932142857143,106.799230769231,110.827857142857,114.411666666667,97.6906451612903,35.64
"140",2020-07-22,128.717838028169,205.756793548387,152.572198666667,212.472692307692,292.510540983607,77.1900964285714,106.944746153846,111.550353571429,114.66828,97.2266129032258,35.1929260869565
"141",2020-07-23,129.530264788732,206.990225806452,153.387232,212.801730769231,295.847890163934,77.6146428571429,107.35596,112.258392857143,115.151066666667,98.4368161290323,35.159347826087
"142",2020-07-24,128.503946478873,203.015112903226,149.372384,207.690711538462,287.61558852459,77.9228571428571,106.661644615385,111.165,114.230333333333,98.2647161290323,35.3807217391304
"143",2020-07-27,127.962173239437,205.219143548387,150.664306666667,209.863861538462,292.75851147541,76.6439107142857,106.149375384615,112.377678571429,114.6024,98.0958870967742,34.7580434782609
"144",2020-07-28,128.103790140845,205.377314516129,150.560153333333,208.756257692308,292.124701639344,77.26625,105.668589230769,112.69875,117.246666666667,98.6743516129032,34.5386956521739
"145",2020-07-29,129.136177464789,207.091220967742,151.210089333333,209.292815384615,292.175132786885,77.4549535714286,106.302609230769,111.147171428571,118.814666666667,98.7375806451613,34.6936956521739
"146",2020-07-30,128.46878028169,205.439803225806,151.828484,209.620884615385,294.289403278688,77.2167857142857,105.047076923077,109.891221428571,118.9295,98.5170967741935,34.1078608695652
"147",2020-07-31,128.000785915493,206.19864516129,153.023264,209.547307692308,295.584581967213,77.6069642857143,105.141224615385,109.206071428571,119.005193333333,98.7151806451613,33.5673608695652
"148",2020-08-03,128.823438028169,208.235316129032,155.688690666667,209.296923076923,294.766601639344,77.2781535714286,105.909683076923,109.388035714286,117.949996666667,98.8808612903226,33.9036956521739
"149",2020-08-04,128.909470422535,207.348270967742,155.970501333333,210.352830769231,293.629462295082,77.6603571428571,104.68208,109.9035,119.057773333333,99.7732225806452,34.2702565217391
"150",2020-08-05,130.987295774648,208.824462903226,156.715437333333,210.427753846154,295.85932295082,77.4366178571429,105.674730769231,112.044814285714,119.25745,100.235177419355,35.2403652173913
"151",2020-08-06,131.525104225352,207.140096774194,156.691733333333,212.489865384615,297.540757377049,76.8255321428571,105.723538461538,111.36065,118.254166666667,99.9518483870968,34.842947826087
"152",2020-08-07,132.895087323944,206.831129032258,156.040734666667,214.575,299.234440983607,78.1376785714286,106.900247692308,111.396564285714,119.50749,100.196938709677,34.547752173913
"153",2020-08-10,135.759698591549,206.184401612903,154.71412,212.797630769231,299.540660655738,78.6285642857143,107.584109230769,112.705785714286,120.862493333333,100.734470967742,35.7669565217391
"154",2020-08-11,138.65786056338,205.27,153.949708,212.438357692308,300.076929508197,78.1895142857143,109.117866153846,114.811428571429,120.253,100.9296,36.9245652173913
"155",2020-08-12,138.147746478873,206.314516129032,154.116994666667,212.252238461538,304.016240983607,77.6060714285714,109.416873846154,114.797610714286,118.681333333333,101.300393548387,36.2541217391304
"156",2020-08-13,137.00156056338,206.718901612903,155.450494666667,214.421130769231,306.389393442623,77.08125,107.756466153846,113.692142857143,118.723063333333,101.167580645161,35.845
"157",2020-08-14,137.27766056338,206.607951612903,155.165986666667,213.443042307692,305.45803442623,76.8409821428571,108.001806153846,113.674478571429,118.29809,100.984219354839,35.6043434782609
"158",2020-08-17,137.334021126761,207.713096774194,156.331608,213.558303846154,312.311259016393,76.7949392857143,107.769984615385,114.087678571429,118.078,101.476577419355,35.7202173913043
"159",2020-08-18,136.473616901408,207.582967741935,156.590128,216.902880769231,317.117019672131,76.3189321428572,107.152272307692,113.650989285714,118.8835,101.897493548387,35.3182130434783
"160",2020-08-19,136.097866197183,208.007446774194,156.243582666667,218.080273076923,316.514281967213,76.0344785714286,107.367089230769,113.223492857143,118.4215,101.670161290323,34.7998260869565
"161",2020-08-20,134.752483098592,205.665506451613,156.145226666667,218.851923076923,316.718957377049,75.4836928571429,106.022546153846,111.743032142857,117.611,100.713548387097,33.9634782608696
"162",2020-08-21,135.14928028169,204.894924193548,156.262253333333,219.623638461538,319.735278688525,75.0378571428571,105.854281538462,111.8725,117.94837,100.983258064516,33.3482608695652
"163",2020-08-24,136.629322535211,205.711448387097,157.885153333333,221.934146153846,324.950375409836,75.4355357142857,106.885692307692,113.575928571429,118.138333333333,101.732258064516,34.1397217391304
"164",2020-08-25,137.552373239437,205.241746774194,158.019508,221.870453846154,322.97408852459,75.5692857142857,107.49704,113.797107142857,118.410186666667,102.031248387097,34.3498086956522
"165",2020-08-26,136.965284507042,205.207970967742,161.308648,228.543923076923,326.309559016393,74.4548214285714,107.497044615385,113.680053571429,117.933333333333,101.843177419355,33.7386826086957
"166",2020-08-27,138.198022535211,206.730764516129,161.449076,228.368269230769,331.112,74.56095,108.807001538462,114.251889285714,119.326673333333,102.9192,33.2934739130435
"167",2020-08-28,138.261515492958,206.560706451613,161.669193333333,227.216919230769,331.156637704918,74.4078571428571,108.774361538462,114.166521428571,119.395166666667,102.836129032258,33.759347826087
"168",2020-08-31,138.081052112676,208.46975483871,157.369801333333,227.224738461538,301.065526229508,75.0055357142857,108.407487692308,114.087142857143,119.60025,102.932319354839,33.6961
"169",2020-09-01,138.322318309859,208.481117741935,158.470757333333,229.273423076923,302.156026229508,74.3610714285714,108.022429230769,115.273035714286,118.810703333333,102.90435483871,32.8420434782609
"170",2020-09-02,140.619274647887,212.161672580645,162.309948,235.177388461538,305.699568852459,76.0717821428571,109.63912,118.038196428571,120.720946666667,104.323548387097,32.7755043478261
"171",2020-09-03,140.921147887324,211.707716129032,159.386134666667,233.163007692308,302.967331147541,76.6495142857143,110.661647692308,117.994214285714,121.8031,104.856380645161,32.944347826087
"172",2020-09-04,138.473871830986,205.578196774194,153.912568,225.03835,296.302555737705,75.5,108.453769230769,116.422857142857,119.792026666667,102.546741935484,32.5683130434783
"173",2020-09-08,135.942291549296,201.410598387097,148.232196,217.273265384615,290.033624590164,74.7481821428571,105.442952307692,114.478435714286,118.067083333333,101.227241935484,31.4626086956522
"174",2020-09-09,137.048236619718,204.144903225806,149.617708,218.241584615385,291.958780327869,75.86625,105.770469230769,116.330357142857,119.429806666667,101.832280645161,31.1736956521739
"175",2020-09-10,136.785673239437,204.689538709677,150.668385333333,219.368319230769,294.510040983607,74.7812607142857,105.851809230769,116.904928571429,117.94287,101.39064516129,30.8219565217391
"176",2020-09-11,136.44041971831,202.657169354839,147.740984,215.635642307692,289.769706557377,73.8342821428571,104.146864615385,117.330007142857,116.75217,100.271287096774,29.7954347826087
"177",2020-09-14,138.102461971831,204.657877419355,149.157978666667,216.445084615385,291.988637704918,74.8297892857143,105.762643076923,119.038217857143,118.759716666667,101.255625806452,30.2936086956522
"178",2020-09-15,138.775777464789,206.425474193548,151.408593333333,217.328342307692,294.397654098361,76.0148178571429,105.5987,120.305360714286,120.953063333333,101.410190322581,30.4938217391304
"179",2020-09-16,140.289876056338,207.228756451613,152.286641333333,218.579615384615,295.024721311475,75.5712607142857,106.420181538462,120.805889285714,121.985126666667,101.265658064516,31.5313043478261
"180",2020-09-17,139.433195774648,203.090977419355,148.487202666667,211.570569230769,288.294609836066,74.6981678571428,104.816878461538,120.652542857143,120.246793333333,99.8803225806452,31.2071086956522
"181",2020-09-18,139.334894366197,203.24469516129,149.1608,211.270703846154,288.526396721311,74.2827285714286,104.86312,120.77625,118.11115,99.5101322580645,31.3042043478261
"182",2020-09-21,134.800385915493,198.276712903226,146.778274666667,206.362723076923,279.258275409836,72.8221,103.033601538462,116.248103571429,115.423166666667,98.0503064516129,30.1055304347826
"183",2020-09-22,134.444935211268,199.3148,148.595121333333,209.0115,284.212934426229,73.4746071428571,102.831712307692,115.838746428571,115.602,98.7397806451613,30.0964913043478
"184",2020-09-23,135.65654084507,199.33310483871,149.184125333333,208.479884615385,284.280859016393,73.1785714285714,102.553778461538,115.321057142857,114.905,98.7133709677419,29.6407391304348
"185",2020-09-24,133.377050704225,195.890217741935,146.818529333333,205.139911538462,279.036440983607,73.0992642857143,101.081373846154,113.812464285714,113.390996666667,98.0645161290323,28.4293086956522
"186",2020-09-25,134.367825352113,198.569982258065,148.574213333333,206.129230769231,279.376454098361,73.96535,101.229533846154,114.469546428571,114.031166666667,98.2293032258064,28.1145652173913
"187",2020-09-28,137.499845070423,202.020361290323,151.827721333333,210.006723076923,287.074357377049,74.8469607142857,104.158398461538,117.147321428571,116.878393333333,99.7774193548387,28.922952173913
"188",2020-09-29,136.656383098592,202.402517741935,152.996062666667,210.207796153846,286.379772131148,74.7108607142857,103.786267692308,116.767678571429,116.120996666667,99.7496741935484,28.5121739130435
"189",2020-09-30,136.993314084507,204.891625806452,153.864682666667,211.5353,289.839349180328,75.1621392857143,104.767632307692,117.744635714286,116.596496666667,100.399083870968,28.2752173913043
"190",2020-10-01,136.383873239437,205.169093548387,155.302874666667,213.746346153846,292.565495081967,75.6941071428571,105.188530769231,117.859828571429,117.645513333333,100.717664516129,27.459
"191",2020-10-02,136.43855915493,202.909419354839,153.668929333333,211.703803846154,291.368050819672,76.6983928571428,105.380170769231,116.794707142857,119.5675,100.733474193548,27.4125782608696
"192",2020-10-05,138.415076056338,205.843548387097,154.670354666667,212.276153846154,292.996373770492,77.3187178571429,106.824744615385,119.0744,120.5186,100.706770967742,28.1191304347826
"193",2020-10-06,139.882352112676,207.3836,156.730136,212.370346153846,294.218367213115,78.6553178571429,108.026006153846,119.925857142857,121.105166666667,101.226093548387,28.8223913043478
"194",2020-10-07,139.995136619718,208.246785483871,157.142904,210.589515384615,293.580747540984,78.7752142857143,107.887621538462,120.509532142857,120.59783,101.413225806452,28.0423782608696
"195",2020-10-08,141.095077464789,209.997630645161,159.12924,212.548323076923,297.472239344262,79.7876785714286,109.091584615385,121.91875,122.762846666667,101.766738709677,28.8847826086957
"196",2020-10-09,142.2915,211.987275806452,161.368664,215.447761538462,300.597813114754,80.1698178571429,109.802649230769,122.779446428571,122.797743333333,102.709390322581,29.2151043478261
"197",2020-10-12,142.833333802817,214.351246774194,163.926446666667,223.743461538462,305.213872131148,80.4875035714286,110.605461538462,122.988214285714,122.533483333333,104.056170967742,28.7026086956522
"198",2020-10-13,141.952047887324,213.995512903226,164.428382666667,223.715,306.374918032787,79.7796107142857,110.937246153846,121.561603571429,122.15995,104.262258064516,28.7934
"199",2020-10-14,142.597795774648,214.104212903226,164.042170666667,223.723811538462,305.727183606557,79.9118892857143,110.245764615385,121.405782142857,120.480936666667,104.224109677419,29.0337217391304
"200",2020-10-15,142.045661971831,210.702398387097,162.289032,220.174807692308,302.279401639344,79.7414071428571,109.657767692308,120.61125,120.094833333333,103.493687096774,28.6467695652174
"201",2020-10-16,143.660798591549,213.515587096774,163.876038666667,221.408269230769,304.844259016393,80.4118571428571,110.660570769231,121.976060714286,119.889126666667,104.021787096774,28.7067043478261
"202",2020-10-19,143.224597183099,212.893346774194,163.855414666667,221.053076923077,300.968514754098,80.5189285714286,110.609453846154,121.880778571429,119.263433333333,103.599270967742,28.0675782608696
"203",2020-10-20,142.676850704225,211.153969354839,162.114912,218.590876923077,300.674770491803,80.4123964285714,110.182827692308,121.175425,118.372733333333,102.977564516129,27.6266043478261
"204",2020-10-21,141.837321126761,210.390230645161,162.036129333333,221.130461538462,298.581983606557,80.5728571428571,110.500550769231,121.122785714286,117.80171,102.451538709677,27.4094695652174
"205",2020-10-22,141.581545070423,213.873070967742,160.783602666667,220.594246153846,296.711813114754,81.07805,110.441306153846,120.346125,118.104153333333,101.869848387097,27.8807826086957
"206",2020-10-23,142.073405633803,215.553990322581,160.861778666667,222.047334615385,296.335803278689,81.6523214285714,111.269541538462,121.274317857143,117.195806666667,102.061870967742,28.4653
"207",2020-10-26,139.763528169014,213.73994516129,159.341554666667,221.404492307692,294.275524590164,81.4154142857143,109.2386,119.157675,116.374033333333,101.222322580645,27.5137869565217
"208",2020-10-27,137.991050704225,213.846914516129,158.140090666667,218.435942307692,291.360957377049,73.904225,108.728916923077,118.708857142857,116.22432,101.177380645161,26.9430173913043
"209",2020-10-28,133.892449295775,209.050177419355,154.098258666667,213.692692307692,286.592127868852,72.898125,105.768746153846,115.788035714286,113.5075,99.0908064516129,26.1634347826087
"210",2020-10-29,133.652111267606,205.614108064516,154.283541333333,217.002111538462,284.911381967213,71.7085178571429,105.630075384615,117.6169,113.873333333333,97.9375806451613,26.0745652173913
"211",2020-10-30,133.297646478873,203.785080645161,152.529965333333,224.116346153846,281.94646557377,71.0351785714286,105.441707692308,117.424682142857,112.609593333333,97.3781129032258,26.2989086956522
"212",2020-11-02,136.671932394366,206.931224193548,153.900484,221.219392307692,282.358501639344,72.0505714285714,107.590306153846,120.794307142857,114.782426666667,99.6882838709677,27.4197739130435
"213",2020-11-03,140.884197183099,210.650808064516,157.140896,222.091061538462,286.476831147541,73.6026785714286,109.705593846154,122.557857142857,117.1095,101.08264516129,27.6819565217391
"214",2020-11-04,142.217643661972,221.017912903226,162.566972,234.122580769231,296.295018032787,73.86875,111.393969230769,121.891142857143,119.126423333333,101.978225806452,27.677552173913
"215",2020-11-05,143.25816056338,222.563203225806,167.096801333333,237.508065384615,300.945970491803,73.8668357142857,112.918389230769,124.776075,118.859333333333,102.14115483871,27.5792695652174
"216",2020-11-06,142.800784507042,222.909998387097,167.418676,235.871723076923,297.989198360656,73.0733321428571,112.851623076923,125.170664285714,118.893003333333,102.44135483871,27.238952173913
"217",2020-11-09,153.249969014085,228.430222580645,174.473244,240.923119230769,310.403239344262,76.5038321428571,121.049744615385,132.012371428571,129.442,105.647680645161,31.540952173913
"218",2020-11-10,149.363418309859,220.762725806452,167.152158666667,233.0525,299.809265573771,75.4075892857143,117.042807692308,128.701082142857,122.839,103.152019354839,31.5415217391304
"219",2020-11-11,149.125538028169,220.478140322581,167.904810666667,234.446923076923,301.764157377049,75.7412607142857,117.722241538462,127.668271428571,123.488696666667,104.038870967742,31.7586869565217
"220",2020-11-12,147.195878873239,220.003387096774,167.679084,235.061346153846,300.169006557377,74.6057464285714,115.673615384615,125.546964285714,122.302,103.811374193548,30.997447826087
"221",2020-11-13,148.785764788732,221.109311290323,167.452286666667,236.120573076923,300.848642622951,74.6702678571429,116.723667692308,125.889910714286,123.153803333333,104.682493548387,31.3816608695652
"222",2020-11-16,152.350433802817,222.652472580645,168.636509333333,238.175107692308,304.364459016393,75.6363,118.754690769231,128.425732142857,125.698,105.986129032258,33.3967391304348
"223",2020-11-17,151.865350704225,219.967203225806,168.259921333333,237.128530769231,305.632749180328,75.1676785714286,118.098730769231,127.86625,124.351733333333,105.992522580645,33.5303956521739
"224",2020-11-18,153.244577464789,219.061211290323,168.168404,236.460380769231,305.753513114754,74.1644178571429,118.86642,128.893382142857,124.846243333333,105.860883870968,34.26
"225",2020-11-19,151.694887323944,215.123288709677,168.466253333333,236.105742307692,303.215904918033,71.9641321428571,117.456804615385,127.612142857143,121.972503333333,104.127122580645,33.2452173913043
"226",2020-11-20,151.531625352113,215.185953225806,169.284252,237.290919230769,301.983062295082,71.9010821428571,117.706792307692,127.312142857143,122.109223333333,103.983874193548,33.3807434782609
"227",2020-11-23,152.343607042254,215.628224193548,169.28088,235.918734615385,302.531919672131,71.9298214285714,118.836615384615,129.081532142857,122.235266666667,103.42525483871,35.7226
"228",2020-11-24,155.092297183099,215.401798387097,170.721322666667,237.780788461538,306.591068852459,72.6462392857143,121.060710769231,131.864996428571,122.227316666667,104.61015483871,37.8776
"229",2020-11-25,154.009687323944,213.266512903226,171.623624,238.449423076923,306.572791803279,72.6382142857143,120.346741538462,131.061478571429,120.58827,104.636848387097,37.4544391304348
"230",2020-11-27,153.454733802817,214.110051612903,172.751297333333,240.883457692308,306.999714754098,72.3338928571429,120.945644615385,130.768489285714,120.429353333333,104.441238709677,36.9140260869565
"231",2020-11-30,152.65333943662,215.70795,173.157382666667,239.819615384615,305.263826229508,71.5321321428571,120.326167692308,130.326442857143,119.95113,104.353216129032,36.0273913043478
"232",2020-12-01,154.09076056338,218.871282258065,175.049849333333,244.913457692308,306.820055737705,71.9021392857143,121.422421538462,131.806403571429,120.8395,102.139829032258,35.4135695652174
"233",2020-12-02,152.056504225352,218.440069354839,174.008932,246.223434615385,304.382896721311,71.520175,121.517018461538,130.582189285714,120.979,101.901938709677,35.9765565217391
"234",2020-12-03,152.76856056338,218.858717741935,175.303533333333,247.481942307692,306.712916393443,71.4944321428571,122.119287692308,129.553185714286,120.684173333333,101.476612903226,36.529347826087
"235",2020-12-04,153.381425352113,219.700298387097,176.922246666667,245.856226923077,306.354042622951,71.0970607142857,123.349864615385,130.309642857143,121.978426666667,101.756935483871,38.4419565217391
"236",2020-12-07,153.053746478873,219.829656451613,177.973962666667,246.944038461538,307.562106557377,70.7186607142857,122.730969230769,130.548928571429,122.096913333333,102.014438709677,38.0771739130435
"237",2020-12-08,153.602588732394,219.385606451613,178.727433333333,246.361365384615,305.784081967213,70.536075,122.552213846154,130.579460714286,120.948356666667,102.284538709677,38.2799217391304
"238",2020-12-09,154.033274647887,219.893709677419,178.519213333333,246.7,307.890701639344,70.3386821428571,122.903606153846,131.242675,120.160666666667,102.26755483871,38.945647826087
"239",2020-12-10,152.850411267606,219.260417741935,175.491897333333,241.639553846154,305.599378688525,70.1355107142857,121.782187692308,130.012857142857,118.982333333333,101.738432258065,39.8564782608696
"240",2020-12-11,152.287802816901,217.857783870968,175.010450666667,242.654803846154,304.195781967213,69.7829035714286,121.211247692308,128.801428571429,118.065333333333,101.492922580645,39.2437869565217
"241",2020-12-14,153.288304225352,221.821316129032,177.317518666667,245.289280769231,307.958768852459,70.652675,122.254464615385,129.614925,119.494,102.069106451613,39.480352173913
"242",2020-12-15,152.585222535211,220.718367741935,178.03046,242.757053846154,307.955119672131,70.6781571428571,121.698976923077,128.858914285714,118.526666666667,101.690322580645,38.4419565217391
"243",2020-12-16,152.562590140845,221.152283870968,178.990758666667,243.198846153846,311.48376557377,70.9967857142857,122.302163076923,129.157771428571,119.7605,102.0049,38.505
"244",2020-12-17,152.495801408451,222.244514516129,180.730056,243.595796153846,316.825140983607,70.5910428571429,123.111078461538,129.547978571429,120.638996666667,102.502580645161,38.3095652173913
"245",2020-12-18,152.75888028169,224.141829032258,181.736689333333,242.586257692308,317.075642622951,70.2604678571429,123.065049230769,130.393392857143,120.143353333333,102.679261290323,37.8160173913043
"246",2020-12-21,151.617985915493,221.637029032258,180.340134666667,240.565446153846,314.044219672131,68.7835714285714,122.685795384615,129.800235714286,117.557166666667,101.279164516129,36.797052173913
"247",2020-12-22,151.441691549296,222.76685483871,181.277733333333,239.82355,313.883196721311,68.263425,122.729989230769,130.442142857143,118.165996666667,101.0061,36.5282608695652
"248",2020-12-23,152.377066197183,223.724756451613,181.861037333333,240.904419230769,314.468906557377,68.8060714285714,123.979087692308,130.849303571429,119.12383,101.248229032258,37.3333913043478
"249",2020-12-24,151.615025352113,222.754556451613,180.883706666667,240.605407692308,314.106281967213,68.2269642857143,123.122883076923,129.861853571429,117.713333333333,101.247506451613,36.8735347826087
"250",2020-12-28,153.22245915493,224.451414516129,182.726729333333,245.430426923077,318.84698852459,68.9902428571429,124.315318461538,131.466164285714,118.641666666667,102.229990322581,37.2696260869565
"251",2020-12-29,152.547605633803,224.594229032258,181.788972,246.319826923077,317.260180327869,69.1494642857143,123.781318461538,130.568392857143,119.508586666667,102.638616129032,36.7078869565217
"252",2020-12-30,152.142064788732,224.326240322581,181.673394666667,244.652403846154,317.550342622951,69.1860321428571,123.929443076923,130.989107142857,118.934333333333,102.04244516129,37.2049173913043
"253",2020-12-31,152.624529577465,224.821141935484,182.012856,244.354234615385,315.993772131148,69.98375,125.138381538462,131.254571428571,119.34033,102.324193548387,37.0499130434783
"254",2021-01-04,152.951791549296,227.602487096774,184.074510666667,244.558307692308,316.538650819672,70.1339535714286,126.192164615385,132.576121428571,119.989666666667,102.78935483871,37.4964695652174
"255",2021-01-05,150.717502816901,227.091370967742,180.957392,241.492303846154,312.370355737705,68.7969642857143,124.411193846154,132.319396428571,116.50425,101.930483870968,39.5799086956522
"256",2021-01-06,154.64604084507,230.61465483871,182.267878666667,241.151203846154,316.420232786885,69.9512714285714,128.592190769231,137.907142857143,115.960983333333,102.783448387097,40.2954739130435
"257",2021-01-07,155.576795774648,233.967666129032,184.719692,244.593480769231,320.415824590164,69.8808178571429,130.466404615385,139.497260714286,115.504726666667,102.749887096774,41.0713782608696
"258",2021-01-08,155.59448028169,236.860462903226,187.655376,245.733076923077,322.63976557377,68.8299571428571,130.152435384615,138.970853571429,116.5645,102.213225806452,41.1256086956522
"259",2021-01-11,154.751397183099,236.235503225806,186.890376,244.431923076923,321.018098360656,68.7843035714286,129.94048,138.445653571429,116.126233333333,102.287690322581,40.9208695652174
"260",2021-01-12,155.877557746479,235.525824193548,186.851626666667,242.260380769231,321.863124590164,68.4188142857143,131.26306,139.976428571429,114.898863333333,101.466616129032,42.780252173913
"261",2021-01-13,155.612197183099,234.163858064516,186.168530666667,240.421680769231,322.73563442623,69.29145,131.211567692308,140.002189285714,116.615813333333,101.447512903226,42.4982608695652
"262",2021-01-14,155.755395774648,234.003375806452,187.338490666667,242.137880769231,321.946126229508,69.3718321428571,131.457584615385,138.519821428571,117.633456666667,101.318064516129,43.4354347826087
"263",2021-01-15,153.573932394366,233.006030645161,184.740073333333,239.796342307692,318.574693442623,69.7171428571429,129.537424615385,136.8775,118.829266666667,100.873590322581,42.2662347826087
"264",2021-01-19,154.609866197183,235.056579032258,186.320334666667,244.861242307692,321.316326229508,69.9118714285714,130.179506153846,137.664782142857,119.60963,101.033977419355,42.5515217391304
"265",2021-01-20,154.466349295775,236.728129032258,188.817758666667,256.956892307692,327.947840983607,69.6403571428571,130.260384615385,137.472389285714,121.0865,100.757206451613,42.7634782608696
"266",2021-01-21,154.754338028169,236.56289516129,188.758926666667,259.533461538462,331.497975409836,69.4703214285714,129.735773846154,137.564492857143,120.54495,100.77,42.2286043478261
"267",2021-01-22,153.366812676056,235.018477419355,187.850749333333,257.24585,329.815452459016,69.2213535714286,128.388463076923,135.485178571429,120.65808,100.829587096774,41.0447826086957
"268",2021-01-25,153.299445070423,235.006582258065,188.111513333333,259.145576923077,331.032650819672,70.4514178571429,127.431169230769,135.264464285714,121.976643333333,102.437096774194,40.9309608695652
"269",2021-01-26,152.658566197183,234.891611290323,186.594038666667,258.967515384615,330.62418852459,70.2741928571429,127.447807692308,135.265567857143,122.698916666667,102.464151612903,41.5305434782609
"270",2021-01-27,149.089918309859,229.594208064516,183.290270666667,256.367642307692,326.224786885246,69.9100535714286,125.49928,130.652807142857,122.9341,103.762267741935,40.1826086956522
"271",2021-01-28,150.825622535211,232.534967741935,183.766734666667,257.061853846154,325.175827868852,70.1536607142857,126.169978461538,131.610403571429,123.25193,102.900806451613,40.0665260869565
"272",2021-01-29,148.454538028169,230.780077419355,181.720732,250.579615384615,321.307645901639,69.3368821428571,124.570164615385,130.230785714286,122.101906666667,100.806125806452,39.6260869565217
"273",2021-02-01,147.848433802817,231.5639,182.941746666667,254.727142307692,323.179108196721,69.4394607142857,125.204527692308,130.471857142857,122.92526,99.4793451612903,38.7965217391304
"274",2021-02-02,151.004636619718,235.549382258065,186.571128,259.46595,330.30652295082,70.3334821428572,128.323763076923,132.433717857143,124.086833333333,100.336709677419,39.7205260869565
"275",2021-02-03,150.528077464789,232.02194516129,186.948333333333,270.818484615385,329.64012295082,69.50545,128.105293846154,133.208607142857,123.578333333333,99.8977,40.7740260869565
"276",2021-02-04,152.446243661972,233.116925806452,187.322198666667,268.636346153846,330.19162295082,69.7398214285714,129.951498461538,132.575571428571,124.54044,100.380916129032,41.2726086956522
"277",2021-02-05,153.550491549296,233.520783870968,189.030217333333,271.823838461538,335.281186885246,70.29,131.137196923077,133.079092857143,124.40755,101.536022580645,41.9095695652174
"278",2021-02-08,154.144549295775,233.9046,190.590448,273.632188461538,338.117245901639,70.0155357142857,131.370766153846,134.420103571429,124.40033,102.008206451613,43.1584434782609
"279",2021-02-09,154.864263380282,233.796182258065,191.203953333333,273.128742307692,336.94566557377,69.4619571428571,132.161298461538,134.216453571429,125.085976666667,102.127735483871,42.7736260869565
"280",2021-02-10,155.198785915493,235.001572580645,192.489492,273.739419230769,338.02472295082,70.0188285714286,132.216613846154,134.528157142857,126.469333333333,102.669361290323,43.4350304347826
"281",2021-02-11,154.935633802817,235.072206451613,195.446937333333,273.123673076923,337.602396721311,69.775,132.017158461538,134.357860714286,126.416246666667,101.963125806452,43.1352173913044
"282",2021-02-12,154.587325352113,238.128832258065,196.41404,273.83865,334.502716393443,69.3000821428571,132.212236923077,135.756428571429,125.12398,101.533648387097,43.3587652173913
"283",2021-02-16,155.51784084507,237.275670967742,198.506478666667,277.596080769231,335.462629508197,68.7773214285714,134.216326153846,136.521453571429,125.0035,101.870258064516,44.9851782608696
"284",2021-02-17,153.950422535211,234.891490322581,195.07014,275.728707692308,335.475816393443,68.5141,133.874153846154,134.894928571429,123.4299,101.600829032258,45.1220739130435
"285",2021-02-18,153.690312676056,234.014853225806,193.363886666667,275.491538461538,336.414345901639,68.9531928571429,133.413392307692,134.611007142857,123.20152,101.804977419355,44.6530956521739
"286",2021-02-19,156.204925352113,233.748133870968,196.09324,275.392169230769,339.294752459016,68.7505535714286,134.645613846154,136.127139285714,123.924133333333,101.636603225806,44.871652173913
"287",2021-02-22,156.619842253521,230.392985483871,193.093466666667,272.164176923077,337.220126229508,67.7372142857143,135.074693846154,135.939335714286,123.979663333333,100.53325483871,47.1707652173913
"288",2021-02-23,156.54196056338,228.552119354839,189.397593333333,271.368969230769,333.782072131148,67.7558892857143,135.387332307692,135.822392857143,125.044666666667,101.258064516129,47.4436173913044
"289",2021-02-24,158.903212676056,229.789166129032,192.892054666667,272.964996153846,336.234840983607,67.466525,137.334124615385,137.625242857143,125.04575,100.828151612903,49.2096913043478
"290",2021-02-25,158.207771830986,228.895525806452,192.030582666667,273.212115384615,335.039654098361,66.8237357142857,138.226915384615,136.688821428571,125.04046,100.797729032258,49.4501347826087
"291",2021-02-26,155.690308450704,227.031196774194,188.393788,270.638073076923,329.014045901639,66.2997607142857,135.018109230769,134.62505,123.511046666667,99.3246774193548,47.6413
"292",2021-03-01,158.46551971831,229.040814516129,191.806141333333,273.095061538462,333.612562295082,66.311725,137.538883076923,137.384107142857,123.412436666667,99.3864,48.5271304347826
"293",2021-03-02,157.924712676056,228.701414516129,191.991593333333,275.186603846154,334.535763934426,65.8809821428571,137.657692307692,137.63895,121.47524,99.1659548387097,48.4401739130435
"294",2021-03-03,158.558181690141,225.646153225806,187.716516,273.008376923077,331.726132786885,65.3812535714286,137.912649230769,136.770346428571,121.34026,98.8076129032258,49.662652173913
"295",2021-03-04,157.258371830986,222.295274193548,182.936177333333,272.023457692308,325.217978688525,66.1279964285714,135.645616923077,134.873492857143,120.690666666667,99.1560741935484,50.7212347826087
"296",2021-03-05,158.340050704225,222.201940322581,179.948632,274.1345,324.92757704918,66.55885,136.688832307692,134.847760714286,119.75485,99.644535483871,52.1934782608696
